<?xml version="1.0" encoding="UTF-8" standalone="yes"?>
<addon id="service.autoSRT"
    name="AutoSRT (Unofficial)" version="1.0.6" provider-name="schumi2004,Mafarricos,rodrigl">
  <requires>
    <import addon="xbmc.python" version="2.1.0"/>
  </requires>
  <extension point="xbmc.service" library="default.py" start="login" />
  <extension point="xbmc.python.script" library="default.py">
    <provides>executable</provides>
  </extension>
  <extension point="xbmc.addon.metadata">
    <summary lang="en">Search for Subtitles on Play if missing</summary>
    <description lang="en">Auto Search for Subtitles on Playback start if no SRT file is found.[CR][CR]Icon credits goes to zNET Computer Solutions http://www.znetcs.pl</description>
    <summary lang="pt">Pesquisa Automática por legendas no Play se não existir SRT</summary>
    <description lang="pt">Pesquisa Automática por legendas na reprodução se não existir um ficheiro SRT de legendas.[CR][CR]Créditos dos icons vão para zNET Computer Solutions http://www.znetcs.pl</description>	
    <platform>all</platform>
    <language>en</language>
  </extension>
</addon>
