<?xml version="1.0" encoding="UTF-8" standalone="yes"?>
<addons>

<addon id="repository.5star" name="Repository for 5Star Kodi addons" version="1.0.8" provider-name="Luis Rodrigues">
    <extension point="xbmc.addon.repository" name="Repository for 5Star Kodi addons">
        <info compressed="false">https://raw.githubusercontent.com/5-star/repository.5star/master/addons/addons.xml</info>
        <checksum>https://raw.githubusercontent.com/5-star/repository.5star/master/addons/addons.xml.md5</checksum>
		<datadir zip="true">https://github.com/5-star/repository.5star/raw/master/zips/</datadir>
    </extension>
    <extension point="xbmc.addon.metadata">
        <summary>Repository for 5Star Kodi addons</summary>
        <description>Repository for 5Star Kodi addons</description>
        <platform>all</platform>
    </extension>
</addon>

<addon id="plugin.video.last_played" name="Last Played" version="1.2.2" provider-name="Luis Rodrigues">
	<requires>
		<import addon="xbmc.python" version="2.1.0"/>
	</requires>
	<extension point="xbmc.python.pluginsource" library="addon.py">
		<provides>video</provides>
	</extension>
	<extension point="xbmc.service" library="default.py" />
	<extension point="xbmc.addon.metadata">
		<summary lang="en">Last Played</summary>
		<summary lang="pt">Ultimos Vistos</summary>
		<description lang="en">List of the last movies, episodes and music played, including streaming sources from any addon</description>
		<description lang="pt">Ultimos filmes, episodios e musicas tocadas, incluindo fontes de streaming de qualquer addon</description>
		<disclaimer lang="en"></disclaimer>
		<platform>all</platform>
		<license>GNU GENERAL PUBLIC LICENSE Version 3, 29 June 2007</license>
		<source>https://github.com/5-star/plugin.video.last_played</source>
	</extension>
</addon>

<addon id="plugin.video.starmovies.org" name="Star Movies" version="1.0.3" provider-name="Luis Rodrigues">
	<requires>
		<import addon="xbmc.python" version="2.1.0"/>
	</requires>
	<extension point="xbmc.python.pluginsource" library="addon.py">
		<provides>video</provides>
	</extension>
	<extension point="kodi.context.item">
		<menu id="kodi.core.main">
			<item library="context.py">
				<label>30010</label>
				<visible>StringCompare(Container.Content,movies) | StringCompare(Container.Content,tvshows)</visible>
			</item>
		</menu>
	</extension>
	<extension point="xbmc.service" library="service.py" />
	<extension point="xbmc.addon.metadata">
		<summary lang="en">Star Movies</summary>
		<description lang="en">A Kodi Addon to display and manage themoviedb lists and ratings</description>
		<disclaimer lang="en"></disclaimer>
		<platform>all</platform>
		<license>GNU GENERAL PUBLIC LICENSE Version 3, 29 June 2007</license>
		<source>https://github.com/rodrigl/plugin.video.starmovies</source>
	</extension>
</addon>

<addon id="context.clean_remove" name="Clean Remove" version="1.0.2" provider-name="Luis Rodrigues">
	<requires>
		<import addon="xbmc.python" version="2.1.0"/>
	</requires>	
	<extension point="kodi.context.item">
		<menu id="kodi.core.main">
			<item library="addon.py">
				<label>30001</label>
				<visible>String.IsEqual(ListItem.dbtype,movie) | String.IsEqual(ListItem.dbtype,episode) | String.IsEqual(ListItem.dbtype,musicvideo) | String.IsEqual(Container.Content,files)</visible>
			</item>
		</menu>
	</extension>
	<extension point="xbmc.addon.metadata">
		<summary lang="en_gb">Clean Remove</summary>
		<description lang="en_gb">Removes item from library and disk, together with fanart and subtitles. No more orphan files left behind after Remove from library</description>
		<disclaimer lang="en_gb"></disclaimer>
		<language></language>
		<platform>all</platform>
		<license>GNU GENERAL PUBLIC LICENSE Version 3, 29 June 2007</license>
		<forum></forum>
		<website></website>
		<email></email>
		<source>https://github.com/5-star/context.clean_remove</source>
	</extension>
</addon>

<addon id="service.autoSRT"
    name="AutoSRT (Unofficial)" version="1.0.7" provider-name="schumi2004,Mafarricos,rodrigl">
  <requires>
    <import addon="xbmc.python" version="2.1.0"/>
  </requires>
  <extension point="xbmc.service" library="default.py" start="login" />
  <extension point="xbmc.python.script" library="default.py">
    <provides>executable</provides>
  </extension>
  <extension point="xbmc.addon.metadata">
    <summary lang="en">Search for Subtitles on Play if missing</summary>
    <description lang="en">Auto Search for Subtitles on Playback start if no SRT file is found.[CR][CR]Icon credits goes to zNET Computer Solutions http://www.znetcs.pl</description>
    <summary lang="pt">Pesquisa Automática por legendas no Play se não existir SRT</summary>
    <description lang="pt">Pesquisa Automática por legendas na reprodução se não existir um ficheiro SRT de legendas.[CR][CR]Créditos dos icons vão para zNET Computer Solutions http://www.znetcs.pl</description>	
    <platform>all</platform>
    <language>en</language>
  </extension>
</addon>

<addon id="service.subtitles.opensubtitles"
       name="OpenSubtitles (Unofficial)"
       version="5.1.0"
       provider-name="amet,Mafarricos,rodrigl">
  <requires>
    <import addon="xbmc.python" version="2.1.0"/>
  </requires>
  <extension point="xbmc.subtitle.module"
             library="service.py" />
  <extension point="xbmc.addon.metadata">
    <summary lang="en">OpenSubtitles (Unofficial)</summary>
    <description lang="en">Search and download subtitles from opensubtitles.org. This unofficial version permits to choose preference language in results</description>
    <disclaimer lang="en"></disclaimer>
    <summary lang="pt">OpenSubtitles (Não Oficial)</summary>
    <description lang="pt">Pesquisa e download de legendas de opensubtitles.org. Esta versão não oficial permite nas definições escolher o idioma para apresentar legendas primeiro</description>
    <disclaimer lang="pt"></disclaimer>	
    <platform>all</platform>
    <license>GNU GENERAL PUBLIC LICENSE. Version 2, June 1991</license>
    <source>https://github.com/Mafarricos/service.subtitles.opensubtitles</source>    
  </extension>
</addon>

</addons>
