<?xml version="1.0" encoding="UTF-8" standalone="yes"?>
<addons>

<addon id="repository.5star" name="Repository for 5 Star Kodi addons" version="1.0.1" provider-name="Luis Rodrigues">
    <extension point="xbmc.addon.repository" name="Repository for 5 Star Kodi addons">
        <info compressed="false">https://raw.githubusercontent.com/5-star/repository.5star/master/addons/addons.xml</info>
        <checksum>https://raw.githubusercontent.com/5-star/repository.5star/master/addons/addons.xml.md5</checksum>
		<datadir zip="true">https://github.com/5-star/repository.5star/raw/master/zips/</datadir>
    </extension>
    <extension point="xbmc.addon.metadata">
        <summary>Repository for 5 Star Kodi addons</summary>
        <description>Repository for 5 Star Kodi addons</description>
        <platform>all</platform>
    </extension>
</addon>

<addon id="plugin.video.last_played" name="Last Played" version="1.0.9" provider-name="Luis Rodrigues">
	<requires>
		<import addon="xbmc.python" version="2.1.0"/>
	</requires>
	<extension point="xbmc.python.pluginsource" library="addon.py">
		<provides>video</provides>
	</extension>
	<extension point="xbmc.service" library="default.py" />
	<extension point="xbmc.addon.metadata">
		<summary lang="en">Last Played</summary>
		<summary lang="pt">Ultimos Vistos</summary>
		<description lang="en">List of the last movies, episodes and music played, including streaming sources from any addon</description>
		<description lang="pt">Ultimos filmes, episodios e musicas tocadas, incluindo fontes de streaming de qualquer addon</description>
		<disclaimer lang="en"></disclaimer>
		<platform>all</platform>
		<license>GNU GENERAL PUBLIC LICENSE Version 3, 29 June 2007</license>
		<source>https://github.com/rodrigl/plugin.video.last_played</source>
	</extension>
</addon>

<addon id="plugin.video.5star_movies" name="5 Star Movies" version="1.0.1" provider-name="Luis Rodrigues">
	<requires>
		<import addon="xbmc.python" version="2.1.0"/>
	</requires>
	<extension point="xbmc.python.pluginsource" library="addon.py">
		<provides>video</provides>
	</extension>
	<extension point="kodi.context.item">
		<menu id="kodi.core.main">
			<item library="context.py">
				<label>30010</label>
				<visible>StringCompare(Container.Content,movies) | StringCompare(Container.Content,tvshows)</visible>
			</item>
		</menu>
	</extension>
	<extension point="xbmc.addon.metadata">
		<summary lang="en">5 Star Movies</summary>
		<description lang="en">A Kodi Addon to display and manage themoviedb lists and ratings</description>
		<disclaimer lang="en">I am not responsible if your house is on fire, if your kodi runs away with another kodi or anything else that may happen</disclaimer>
		<platform>all</platform>
		<license>GNU GENERAL PUBLIC LICENSE Version 3, 29 June 2007</license>
		<source>https://github.com/rodrigl/plugin.video.5star_movies</source>
	</extension>
</addon>

<addon id="context.clean_remove" name="Clean Remove" version="1.0.1" provider-name="Luis Rodrigues">
	<requires>
		<import addon="xbmc.python" version="2.1.0"/>
	</requires>	
	<extension point="kodi.context.item">
		<menu id="kodi.core.main">
			<item library="addon.py">
				<label>30001</label>
				<visible>StringCompare(Container.Content,movies) | StringCompare(Container.Content,episodes) | StringCompare(Container.Content,musicvideos) | StringCompare(Container.Content,files)</visible>
			</item>
		</menu>
	</extension>
	<extension point="xbmc.addon.metadata">
		<summary lang="en_gb">Clean Remove</summary>
		<description lang="en_gb">Removes item from library and disk, together with fanart and subtitles. No more orphan files left behind after Remove from library</description>
		<disclaimer lang="en_gb">I am not responsible if your house is on fire, if your kodi runs away with another kodi or anything else that may happen</disclaimer>
		<language></language>
		<platform>all</platform>
		<license>GNU GENERAL PUBLIC LICENSE Version 3, 29 June 2007</license>
		<forum></forum>
		<website></website>
		<email></email>
		<source>https://github.com/rodrigl/context.clean_remove</source>
	</extension>
</addon>

</addons>
