<?xml version="1.0" encoding="UTF-8" standalone="yes"?>
<addon id="plugin.video.starmovies.org" name="Star Movies" version="1.0.3" provider-name="Luis Rodrigues">
	<requires>
		<import addon="xbmc.python" version="2.1.0"/>
	</requires>
	<extension point="xbmc.python.pluginsource" library="addon.py">
		<provides>video</provides>
	</extension>
	<extension point="kodi.context.item">
		<menu id="kodi.core.main">
			<item library="context.py">
				<label>30010</label>
				<visible>StringCompare(Container.Content,movies) | StringCompare(Container.Content,tvshows)</visible>
			</item>
		</menu>
	</extension>
	<extension point="xbmc.service" library="service.py" />
	<extension point="xbmc.addon.metadata">
		<summary lang="en">Star Movies</summary>
		<description lang="en">A Kodi Addon to display and manage themoviedb lists and ratings</description>
		<disclaimer lang="en"></disclaimer>
		<platform>all</platform>
		<license>GNU GENERAL PUBLIC LICENSE Version 3, 29 June 2007</license>
		<source>https://github.com/rodrigl/plugin.video.starmovies</source>
	</extension>
</addon>