<?xml version="1.0" encoding="UTF-8" standalone="yes"?>
<addon id="repository.5star" name="5Star Kodi addons" version="6.2.0" provider-name="Luis Rodrigues">
    <extension point="xbmc.addon.repository" name="5Star Kodi addons">
		<dir>
			<info compressed="false">https://raw.githubusercontent.com/5-star/repository.5star/master/addons/addons.xml</info>
			<checksum>https://raw.githubusercontent.com/5-star/repository.5star/master/addons/addons.xml.md5</checksum>
			<datadir zip="true">https://github.com/5-star/repository.5star/raw/master/zips/</datadir>
		</dir>
    </extension> 
    <extension point="xbmc.addon.metadata">
		<summary>5Star Kodi addons</summary>
		<description>5Star Kodi addons</description>
		<platform>all</platform>
		<assets>
			<icon>icon.png</icon>
		</assets>
    </extension>
</addon>
